"","Plant","Bench","Row","Column","Osmocote","Salt","Treatment","Bench.1","Tray","Tplant","TRow","TColumn","Accession","Species","Type","Group","Cross","Plate","Accession.","Transplant_Date","Notes_053118","Chlorophyll","SLA.biomass","Aboveground.biomass","Belowground.biomass","RNA.leaf.biomass","X2.RNA.bags..weight.of.2nd","PlantDied","Chlorophyll.1","Tot_AG","Tot_BG","Tot_Biomass","TissueBox.","Date_ground","Date_RNA_extracted","SeqPlate","SeqPlateRow","SeqPlateColumn","GGBC.RIN","My_RIN","Reproductive","SampleDay","MisIDed","leaf.part","Midvein.included.","SampleNotes","X"
"1",1,1,1,"A","High","NoSalt","Control",1,1,4,"A",4,"RHA 373","annuus","cultivated","RHA",2,5,1,"4/30/18","",20.7,0.645,2.3074,1.6587,0.3637,NA,"",20.7,3.5974,1.6587,5.2561,5,"20-Jul","10/30/18",2,"A",1,7.8,"8.5","no",1,"n","half","no","",""
"2",2,1,2,"A","High","NoSalt","Control",2,1,5,"A",5,"HA 89","annuus","cultivated","HA",3,2,1,"4/30/18","",18.2,0.869,NA,1.6233,0.4868,NA,"",18.2,NA,1.6233,NA,4,"19-Jul","10/16/18",1,"A",1,7.8,"8.5","no",1,"n","half","no","",""
"6",6,1,6,"A","High","NoSalt","Control",6,1,12,"A",12,"HA 89","annuus","cultivated","HA",3,2,2,"4/30/18","",19.6,0.8151,4.8672,2.1173,0.4536,NA,"",19.6,6.4974,2.1173,8.6147,4,"19-Jul","10/18/18",1,"A",3,7.9,"8.6","no",1,"n","half","no","",""
"8",8,1,8,"A","High","NoSalt","Control",8,1,15,"B",3,"RHA 274","annuus","cultivated","RHA",3,2,2,"4/30/18","",17.7,0.6166,2.5735,1.5748,0.3797,NA,"",17.7,3.8067,1.5748,5.3815,8,"24-Jul","11/16/18",2,"A",3,7.8,"8.5","no",2,"n","half","no","","tube opened in liquid nitrogen"
"10",10,1,10,"A","High","Salt","HighSalt",10,1,19,"B",7,"RHA 274","annuus","cultivated","RHA",3,2,3,"4/30/18","bud",19.6,0.0972,0.2984,0.1783,0.0755,NA,"",19.6,0.4928,0.1783,0.6711,2,"17-Jul","10/9/18",1,"A",6,7.7,"8.6","yes",2,"n","half","no","",""
"18",19,1,1,"B","High","NoSalt","Control",19,1,34,"C",10,"RHA 377","annuus","cultivated","RHA",1,4,3,"4/30/18","bud",17.8,0.4411,4.9038,1.0036,0.364,NA,"",17.8,5.786,1.0036,6.7896,11,"29-Nov","11/30/18",2,"A",9,7.9,"8.3","yes",2,"n","half","no","",""
"19",20,1,2,"B","Low","NoSalt","LowNut",20,1,36,"C",12,"RHA 377","annuus","cultivated","RHA",1,4,4,"4/30/18","",15.4,0.2281,1.1241,0.3465,0.1739,NA,"",15.4,1.5803,0.3465,1.9268,13,"2/22/19","2/25/19",3,"A",3,7.9,"7.8","yes",2,"n","half","no","",""
"21",22,1,4,"B","Low","Salt","Combo",22,1,40,"D",4,"RHA 373","annuus","cultivated","RHA",2,5,3,"4/30/18","",23.2,0.1301,0.4287,0.2355,0.0767,NA,"",23.2,0.6889,0.2355,0.9244,13,"2/22/19","2/25/19",3,"A",4,8,"8.2","no",1,"n","half","no","",""
"23",24,1,6,"B","High","Salt","HighSalt",24,1,42,"D",6,"HA 89","annuus","cultivated","HA",3,2,3,"4/30/18","",24.9,0.2726,1.6823,0.3978,0.1655,NA,"",24.9,2.2275,0.3978,2.6253,13,"2/22/19","2/25/19",3,"A",5,7.7,"8.1","yes",1,"n","half","no","",""
"29",32,1,14,"B","Low","Salt","Combo",32,1,52,"E",4,"HA 445","annuus","cultivated","HA",2,5,3,"4/30/18","",18.1,0.1641,0.5554,0.2041,0.1036,NA,"",18.1,0.8836,0.2041,1.0877,5,"20-Jul","10/9/18",1,"A",9,7.8,"8.5","no",1,"n","half","no","",""
"30",33,1,15,"B","High","Salt","HighSalt",33,1,53,"E",5,"HA 445","annuus","cultivated","HA",2,5,4,"4/30/18","bud",21,0.1238,0.6688,0.2026,0.0937,NA,"",21,0.9164,0.2026,1.119,5,"20-Jul","10/12/18",2,"B",3,7.9,"8.4","yes",1,"n","half","no","",""
"32",35,1,17,"B","High","Salt","HighSalt",35,1,55,"E",7,"HA 89","annuus","cultivated","HA",3,2,5,"4/30/18","",27.4,0.2398,1.3761,0.3673,0.162,NA,"",27.4,1.8557,0.3673,2.223,3,"18-Jul","30-Nov",2,"B",4,7.7,"8.2","no",1,"n","half","no","",""
"35",39,1,3,"C","Low","Salt","Combo",39,1,60,"E",12,"RHA 373","annuus","cultivated","RHA",2,5,6,"4/30/18","",20.8,0.0918,0.2916,0.2,NA,NA,"",20.8,0.4752,0.2,0.6752,8,"24-Jul","11/16/18",2,"B",6,7.9,"8.5","no",2,"n","whole","yes","whole leaf",""
"36",40,1,4,"C","Low","Salt","Combo",40,1,62,"F",2,"RHA 274","annuus","cultivated","RHA",3,2,4,"4/30/18","bud",16.4,0.0753,0.2814,0.0924,NA,NA,"",16.4,0.432,0.0924,0.5244,11,"29-Nov","30-Nov",3,"A",8,7.8,"8.7","yes",2,"n","whole","yes","whole leaf",""
"38",42,1,6,"C","Low","Salt","Combo",42,1,65,"F",5,"RHA 377","annuus","cultivated","RHA",1,4,5,"4/30/18","bud",16.4,0.0575,0.3394,0.0993,NA,NA,"",16.4,0.4544,0.0993,0.5537,13,"2/22/19","2/25/19",3,"A",9,7.9,"8.4","yes",2,"n","whole","yes","whole leaf",""
"39",43,1,7,"C","Low","NoSalt","LowNut",43,1,66,"F",6,"RHA 377","annuus","cultivated","RHA",1,4,6,"4/30/18","bud",16,0.3667,2.3019,0.6895,0.2209,NA,"",16,3.0353,0.6895,3.7248,5,"20-Jul","10/12/18",1,"A",11,7.5,"8","yes",1,"n","half","no","",""
"44",49,1,13,"C","Low","NoSalt","LowNut",49,9,580,"A",4,"HA 89","annuus","cultivated","HA",3,3,35,"5/1/18","",13.8,0.1913,1.077,0.4686,0.2315,NA,"",13.8,1.4596,0.4686,1.9282,8,"24-Jul","11/16/18",2,"B",10,7.5,"8.4","yes",1,"n","half","no","",""
"50",56,1,2,"D","High","Salt","HighSalt",56,9,587,"A",11,"RHA 373","annuus","cultivated","RHA",2,6,35,"5/1/18","",23.3,0.1108,0.3763,0.1509,0.061,NA,"",23.3,0.5979,0.1509,0.7488,13,"2/22/19","3/8/19",3,"B",1,7.8,"7.8","no",2,"n","half","no","",""
"52",60,1,6,"D","High","NoSalt","Control",60,5,343,"E",7,"HA 412 HO","annuus","cultivated","HA",1,5,18,"5/1/18","",17.1,1.0978,4.5844,1.9297,0.4358,NA,"",17.1,6.78,1.9297,8.7097,4,"19-Jul","10/9/18",1,"B",3,7.2,"8.5","yes",1,"n","half","no","",""
"57",67,1,13,"D","High","Salt","HighSalt",67,7,492,"E",12,"RHA 274","annuus","cultivated","RHA",3,6,24,"5/1/18","1 bud",22.8,0.1693,0.5234,0.2195,0.0339,NA,"",22.8,0.862,0.2195,1.0815,2,"17-Jul","10/9/18",1,"B",5,7.2,"8","yes",1,"n","half","no","",""
"63",73,2,2,"A","High","Salt","HighSalt",2,4,218,"A",2,"HA 412 HO","annuus","cultivated","HA",1,1,10,"4/30/18","bud",22.9,0.364,4.2414,0.6143,0.1803,NA,"",22.9,4.9694,0.6143,5.5837,1,"13-Jul","10/16/18",1,"B",10,7.6,"8.7","yes",2,"n","half","no","",""
"64",74,2,3,"A","High","NoSalt","Control",3,4,219,"A",3,"HA 89","annuus","cultivated","HA",3,6,13,"4/30/18","bud",18.7,0.8892,11.6554,1.6408,0.5504,NA,"",18.7,13.4338,1.6408,15.0746,8,"2-Oct","11/6/18",2,"C",3,7.7,"8.1","yes",2,"n","half","no","",""
"65",75,2,4,"A","Low","Salt","Combo",4,4,220,"A",4,"RHA 274","annuus","cultivated","RHA",3,4,14,"4/30/18","bud",16.1,0.2602,1.3563,0.2623,0.1054,NA,"",16.1,1.8767,0.2623,2.139,2,"17-Jul","10/16/18",1,"B",11,7.2,"7.9","yes",2,"n","half","no","",""
"67",82,2,11,"A","Low","Salt","Combo",11,4,237,"B",9,"HA 89","annuus","cultivated","HA",3,6,15,"4/30/18","bud",16.3,0.0891,0.7561,0.07,0.0542,NA,"",16.3,0.9343,0.07,1.0043,10,"11/9/18","11/19/18",2,"C",4,8,"8.7","yes",2,"n","half","no","",""
"70",85,2,14,"A","Low","NoSalt","LowNut",14,4,241,"C",1,"RHA 373","annuus","cultivated","RHA",2,1,18,"4/30/18","",13.6,0.2643,2.1043,0.3006,0.1391,NA,"",13.6,2.6329,0.3006,2.9335,1,"17-Jul","10/16/18",1,"C",1,7.7,"8.6","no",2,"n","half","no","",""
"71",86,2,15,"A","High","NoSalt","Control",15,4,243,"C",3,"RHA 377","annuus","cultivated","RHA",1,3,16,"4/30/18","bud",19.4,0.7155,9.2968,1.5239,0.4568,NA,"",19.4,10.7278,1.5239,12.2517,7,"23-Jul","11/2/18",2,"C",6,7.9,"8.2","yes",2,"n","half","no","",""
"77",93,2,4,"B","High","Salt","HighSalt",22,4,253,"D",1,"RHA 274","annuus","cultivated","RHA",3,4,15,"4/30/18","bud",18.6,0.2246,1.813,0.2031,0.1319,NA,"",18.6,2.2622,0.2031,2.4653,12,"1/29/19","1/31/19",3,"B",6,7.9,"ok","yes",2,"n","half","no","",""
"78",94,2,5,"B","Low","Salt","Combo",23,4,256,"D",4,"RHA 377","annuus","cultivated","RHA",1,3,17,"4/30/18","bud",15.6,0.1102,1.16,0.1556,0.0529,NA,"",15.6,1.3804,0.1556,1.536,2,"17-Jul","10/16/18",1,"C",5,7.9,"8.8","yes",2,"n","half","no","",""
"79",95,2,6,"B","Low","NoSalt","LowNut",24,4,257,"D",5,"HA 412 HO","annuus","cultivated","HA",1,1,11,"4/30/18","",10.9,0.3148,4.5533,0.8044,0.1743,NA,"",10.9,5.1829,0.8044,5.9873,3,"18-Jul","30-Nov",2,"C",8,7.8,"8.5","no",2,"n","half","no","",""
"80",96,2,7,"B","Low","NoSalt","LowNut",25,4,259,"D",7,"HA 412 HO","annuus","cultivated","HA",1,1,12,"4/30/18","",11.7,0.3426,4.6725,0.8855,0.1553,NA,"",11.7,5.3577,0.8855,6.2432,7,"23-Jul","11/2/18",2,"C",9,7.2,"8.4","no",2,"n","half","no","",""
"84",100,2,11,"B","High","NoSalt","Control",29,4,269,"E",5,"RHA 377","annuus","cultivated","RHA",1,5,20,"4/30/18","buds",16.4,0.7385,8.071,0.8874,0.3272,NA,"",16.4,9.548,0.8874,10.4354,1,"17-Jul","10/16/18",1,"C",6,7.7,"8.5","yes",2,"n","half","no","",""
"88",106,2,17,"B","High","Salt","HighSalt",35,4,277,"F",1,"HA 445","annuus","cultivated","HA",2,4,16,"4/30/18","",17.3,0.1277,1.1609,0.0985,0.0794,NA,"",17.3,1.4163,0.0985,1.5148,1,"11-Jul","10/25/18",1,"C",7,7.9,"8.8","yes",2,"n","half","no","",""
"89",107,2,18,"B","High","NoSalt","Control",36,4,278,"F",2,"RHA 373","annuus","cultivated","RHA",2,1,19,"4/30/18","",20,0.7958,7.7861,1.3085,0.5211,NA,"",20,9.3777,1.3085,10.6862,12,"2/15/19","2/18/19",3,"B",9,7.9,"8.4","no",2,"n","half","no","",""
"90",108,2,1,"C","Low","NoSalt","LowNut",37,4,280,"F",4,"HA 445","annuus","cultivated","HA",2,4,17,"4/30/18","",17,0.3569,4.3243,NA,0.2242,NA,"",17,5.0381,NA,NA,1,"17-Jul","10/16/18",1,"C",8,7.8,"8.6","no",2,"n","half","no","",""
"92",110,2,3,"C","Low","NoSalt","LowNut",39,4,282,"F",6,"HA 445","annuus","cultivated","HA",2,4,18,"4/30/18","",15.1,0.4371,3.6875,0.7432,0.2296,NA,"",15.1,4.5617,0.7432,5.3049,1,"13-Jul","10/16/18",1,"C",9,7.8,"8.7","no",2,"n","half","no","",""
"99",119,2,12,"C","High","Salt","HighSalt",48,6,368,"A",8,"HA 412 HO","annuus","cultivated","HA",1,6,23,"5/1/18","bud",23.1,0.2412,2.3985,0.6323,0.1532,NA,"",23.1,2.8809,0.6323,3.5132,2,"17-Jul","10/16/18",1,"D",2,7.7,"8.6","yes",2,"n","half","no","",""
"100",120,2,13,"C","Low","NoSalt","LowNut",49,6,369,"A",9,"HA 412 HO","annuus","cultivated","HA",1,6,24,"5/1/18","",15.3,0.3742,6.2359,1.4049,0.2089,NA,"",15.3,6.9843,1.4049,8.3892,1,"11-Jul","25-Oct",1,"D",3,7.7,"8.6","no",2,"n","half","no","",""
"103",125,2,18,"C","High","NoSalt","Control",54,6,376,"B",4,"HA 412 HO","annuus","cultivated","HA",1,6,25,"5/1/18","",20.1,1.07,16.3825,2.336,0.5617,NA,"",20.1,18.5225,2.336,20.8585,8,"10/2/18","11/6/18",2,"D",4,7.8,"8.7","no",2,"n","half","no","",""
"107",129,2,4,"D","High","NoSalt","Control",58,6,383,"B",11,"HA 445","annuus","cultivated","HA",2,6,24,"5/1/18","",22.4,0.641,9.1785,0.8883,0.429,NA,"",22.4,10.4605,0.8883,11.3488,1,"17-Jul","10/16/18",1,"D",7,7.5,"8.5","no",2,"n","half","no","",""
"109",131,2,6,"D","Low","NoSalt","LowNut",60,6,388,"C",4,"HA 89","annuus","cultivated","HA",3,1,24,"5/1/18","",14.3,0.2542,3.4679,0.5334,0.2214,NA,"",14.3,3.9763,0.5334,4.5097,7,"23-Jul","10/17/18",1,"D",8,7.4,"8.4","no",2,"n","half","no","",""
"115",141,2,16,"D","Low","Salt","Combo",70,6,403,"D",7,"HA 412 HO","annuus","cultivated","HA",1,6,27,"5/1/18","",25.2,0.1938,2.9887,0.5695,NA,NA,"",25.2,3.3763,0.5695,3.9458,12,"1/29/19","2/22/19",3,"C",2,7.7,"8.2","no",2,"n","whole","yes","whole leaf",""
"123",151,3,8,"A","Low","NoSalt","LowNut",8,8,517,"B",1,"HA 89","annuus","cultivated","HA",3,3,31,"5/1/18","bud",14.8,0.4057,5.9801,NA,0.3017,NA,"",14.8,6.7915,NA,NA,11,"11/20/18","12/3/18",2,"D",7,6.5,"8.4","yes",2,"n","half","no","",""
"126",154,3,11,"A","High","Salt","HighSalt",11,8,521,"B",5,"HA 89","annuus","cultivated","HA",3,3,32,"5/1/18","",23.1,0.112,0.416,NA,0.0773,NA,"",23.1,0.64,NA,NA,2,"17-Jul","10/19/18",1,"E",6,7.7,"8.6","no",2,"n","half","no","",""
"127",155,3,12,"A","High","NoSalt","Control",12,8,523,"B",7,"RHA 274","annuus","cultivated","RHA",3,4,26,"5/1/18","bud",16.4,0.6773,3.9871,1.8657,0.3798,NA,"",16.4,5.3417,1.8657,7.2074,11,"1/9/19","1/14/19",3,"C",5,8.1,"8.5","yes",2,"n","half","no","",""
"131",159,3,16,"A","High","Salt","HighSalt",16,8,534,"C",6,"RHA 274","annuus","cultivated","RHA",3,4,28,"5/1/18","bud",19.5,0.133,0.6453,0.2609,NA,NA,"",19.5,0.9113,0.2609,1.1722,10,"11/9/18","30-Nov",2,"D",9,7.8,"8.2","yes",2,"n","whole","yes","whole leaf",""
"132",160,3,17,"A","High","NoSalt","Control",17,8,535,"C",7,"RHA 373","annuus","cultivated","RHA",2,2,33,"5/1/18","",20.9,0.8524,4.8355,1.876,0.688,NA,"",20.9,6.5403,1.876,8.4163,1,"13-Jul","10/19/18",1,"E",9,7.5,"8.1","no",2,"n","half","no","",""
"134",162,3,1,"B","High","Salt","HighSalt",19,8,537,"C",9,"HA 445","annuus","cultivated","HA",2,3,33,"5/1/18","bud",20.4,0.1856,1.3996,0.179,0.1027,NA,"",20.4,1.7708,0.179,1.9498,7,"23-Jul","11/2/18",3,"C",7,7.7,"8.5","yes",2,"n","half","no","",""
"135",163,3,2,"B","High","NoSalt","Control",20,8,539,"C",11,"RHA 377","annuus","cultivated","RHA",1,2,35,"5/1/18","bud",20,0.8712,11.9179,1.4911,0.4396,NA,"",20,13.6603,1.4911,15.1514,11,"1/24/19","2/11/19",3,"C",8,8.1,"8.6","yes",2,"n","half","no","",""
"138",166,3,5,"B","Low","NoSalt","LowNut",23,8,542,"D",2,"HA 89","annuus","cultivated","HA",3,3,33,"5/1/18","bud",13,0.3187,5.1767,NA,0.2255,NA,"",13,5.8141,NA,NA,11,"30-Nov","2/21/19",3,"C",9,7.9,"8.6","yes",2,"n","half","no","",""
"140",168,3,7,"B","High","NoSalt","Control",25,8,547,"D",7,"HA 89","annuus","cultivated","HA",3,5,34,"5/1/18","",15.7,0.7349,8.8958,NA,0.4132,NA,"",15.7,10.3656,NA,NA,11,"29-Nov","11/30/18",3,"C",10,7.8,"8.5","no",2,"n","half","no","",""
"145",175,3,14,"B","High","NoSalt","Control",32,8,562,"E",10,"HA 445","annuus","cultivated","HA",2,2,35,"5/1/18","",20.5,0.6706,3.1915,0.5528,0.36,NA,"",20.5,4.5327,0.5528,5.0855,9,"10/29/18","11/6/18",2,"E",2,7.9,"8.2","no",2,"n","half","no","",""
"146",176,3,15,"B","Low","NoSalt","LowNut",33,8,563,"E",11,"RHA 373","annuus","cultivated","RHA",2,2,34,"5/1/18","",17.3,0.4092,3.6565,0.9459,0.3099,NA,"",17.3,4.4749,0.9459,5.4208,8,"24-Jul","11/30/18",2,"E",3,7.9,"8.2","no",2,"n","half","no","",""
"149",179,3,18,"B","Low","Salt","Combo",36,8,571,"F",7,"RHA 274","annuus","cultivated","RHA",3,1,32,"5/1/18","bud",20.6,0.1062,0.5878,0.2181,NA,NA,"",20.6,0.8002,0.2181,1.0183,6,"","3/4/19",3,"D",2,7.9,"8.5","yes",2,"n","whole","yes","whole leaf",""
"150",180,3,1,"C","High","Salt","HighSalt",37,8,572,"F",8,"RHA 274","annuus","cultivated","RHA",3,1,33,"5/1/18","bud",14.2,0.0883,0.8153,NA,NA,NA,"",14.2,0.9919,NA,NA,1,"13-Jul","10/19/18",1,"F",1,7.7,"8.8","yes",2,"n","whole","yes","whole leaf",""
"151",181,3,2,"C","Low","NoSalt","LowNut",38,8,573,"F",9,"RHA 274","annuus","cultivated","RHA",3,5,34,"5/1/18","bud",11.2,0.2257,2.8562,NA,0.1568,NA,"",11.2,3.3076,NA,NA,12,"2/15/19","2/18/19",3,"D",3,7.8,"8.1","yes",2,"n","half","no","Eaten",""
"156",188,3,9,"C","Low","NoSalt","LowNut",45,7,437,"A",5,"RHA 274","annuus","cultivated","RHA",3,6,21,"5/1/18","",14.6,0.2394,3.5826,0.9109,0.2154,NA,"",14.6,4.0614,0.9109,4.9723,10,"11/9/18","11/27/18",2,"E",5,7.6,"7.4","no",2,"n","half","no","",""
"157",189,3,10,"C","Low","NoSalt","LowNut",46,7,438,"A",6,"HA 89","annuus","cultivated","HA",3,6,26,"5/1/18","bud",15.5,0.3475,3.2067,0.6302,0.203,NA,"",15.5,3.9017,0.6302,4.5319,6,"","3/4/19",3,"D",7,7.3,"7.1","yes",2,"n","half","no","",""
"158",191,3,12,"C","Low","NoSalt","LowNut",48,7,443,"A",11,"HA 445","annuus","cultivated","HA",2,3,29,"5/1/18","",13.6,0.2642,2.8785,0.744,0.1847,NA,"",13.6,3.4069,0.744,4.1509,1,"13-Jul","10/30/18",1,"F",2,7.6,"8.6","no",2,"n","half","no","",""
"159",192,3,13,"C","High","NoSalt","Control",49,7,445,"B",1,"HA 445","annuus","cultivated","HA",2,3,30,"5/1/18","",19.8,0.5817,4.1971,1.2011,0.4423,NA,"",19.8,5.3605,1.2011,6.5616,6,"","3/4/19",3,"D",8,7.7,"8.2","no",2,"n","half","no","",""
"160",193,3,14,"C","High","Salt","HighSalt",50,7,446,"B",2,"RHA 373","annuus","cultivated","RHA",2,3,26,"5/1/18","",22.3,0.1633,0.7694,0.2242,NA,NA,"",22.3,1.096,0.2242,1.3202,12,"2/15/19","2/18/19",3,"D",9,7.8,"8.3","no",2,"n","whole","yes","whole leaf",""
"161",194,3,15,"C","Low","NoSalt","LowNut",51,7,447,"B",3,"RHA 377","annuus","cultivated","RHA",1,6,29,"5/1/18","bud",17.6,0.2915,1.7798,0.4105,0.2353,NA,"",17.6,2.3628,0.4105,2.7733,8,"24-Jul","12/3/18",2,"E",6,8.1,"8","yes",2,"n","half","no","",""
"163",196,3,17,"C","High","Salt","HighSalt",53,7,452,"B",8,"RHA 377","annuus","cultivated","RHA",1,6,31,"5/1/18","bud",29.3,0.198,1.291,NA,NA,NA,"",29.3,1.687,NA,NA,2,"17-Jul","10/19/18",1,"F",4,7.2,"8.3","yes",2,"n","whole","yes","whole leaf",""
"167",201,3,4,"D","High","NoSalt","Control",58,7,463,"C",7,"HA 445","annuus","cultivated","HA",2,3,32,"5/1/18","",19.5,0.7171,8.6828,NA,0.4489,NA,"",19.5,10.117,NA,NA,6,"","3/8/19",3,"E",1,7.9,"8.1","no",2,"n","half","no","",""
"172",208,3,11,"D","High","NoSalt","Control",65,7,472,"D",4,"RHA 274","annuus","cultivated","RHA",3,6,22,"5/1/18","bud",19.6,0.5082,2.9285,1.9228,0.4219,NA,"",19.6,3.9449,1.9228,5.8677,11,"29-Nov","30-Nov",2,"E",9,7.9,"8.3","yes",2,"n","half","no","",""
"173",211,3,14,"D","Low","Salt","Combo",68,7,480,"D",12,"HA 89","annuus","cultivated","HA",3,5,29,"5/1/18","",22,0.191,1.4817,NA,0.1308,NA,"",22,1.8637,NA,NA,8,"24-Jul","11/16/18",2,"E",10,6.4,"8.1","no",2,"n","half","no","",""
"175",215,3,18,"D","High","Salt","HighSalt",72,7,488,"E",8,"RHA 373","annuus","cultivated","RHA",2,6,31,"5/1/18","",22.7,0.188,1.1303,0.4418,NA,NA,"",22.7,1.5063,0.4418,1.9481,2,"17-Jul","10/19/18",1,"F",6,7.5,"8.1","no",2,"n","whole","yes","whole leaf",""
"178",221,4,6,"A","Low","NoSalt","LowNut",6,3,150,"A",6,"RHA 274","annuus","cultivated","RHA",3,1,10,"4/30/18","bud",13.6,0.2858,1.7373,1.1607,0.1341,NA,"",13.6,2.3089,1.1607,3.4696,4,"19-Jul","10/18/18",1,"F",7,5.6,"8","yes",1,"n","half","no","",""
"180",224,4,9,"A","Low","Salt","Combo",9,3,154,"A",10,"RHA 377","annuus","cultivated","RHA",1,3,11,"4/30/18","bud",21.4,0.2022,1.0691,1.0359,0.0565,NA,"",21.4,1.4735,1.0359,2.5094,13,"2/28/19","3/4/19",3,"E",7,7.9,"8.4","yes",1,"n","half","no","",""
"185",230,4,15,"A","Low","NoSalt","LowNut",15,3,165,"B",9,"HA 445","annuus","cultivated","HA",2,2,10,"4/30/18","",14.1,0.2408,1.9874,0.722,0.1998,NA,"",14.1,2.469,0.722,3.191,9,"10/29/18","11/6/18",2,"F",2,8,"8.8","no",1,"n","half","no","",""
"187",232,4,17,"A","Low","NoSalt","LowNut",17,3,168,"B",12,"RHA 377","annuus","cultivated","RHA",1,3,12,"4/30/18","bud",17.1,0.3157,1.5362,0.3978,0.1938,NA,"",17.1,2.1676,0.3978,2.5654,4,"19-Jul","10/18/18",1,"F",8,7.3,"8.1","yes",1,"n","half","no","",""
"192",239,4,6,"B","High","Salt","HighSalt",24,3,177,"C",9,"RHA 377","annuus","cultivated","RHA",1,3,14,"4/30/18","bud",20.2,0.1449,0.6955,0.2701,NA,NA,"",20.2,0.9853,0.2701,1.2554,8,"24-Jul","11/16/18",2,"F",3,7.8,"8.5","yes",2,"n","whole","yes","whole leaf",""
"193",241,4,8,"B","High","NoSalt","Control",26,3,180,"C",12,"HA 412 HO","annuus","cultivated","HA",1,4,6,"4/30/18","",22.7,1.1833,7.8144,2.5836,0.6382,NA,"",22.7,10.181,2.5836,12.7646,11,"29-Nov","30-Nov",3,"E",11,7.7,"8.7","no",2,"n","half","no","",""
"195",244,4,11,"B","Low","Salt","Combo",29,3,183,"D",3,"RHA 274","annuus","cultivated","RHA",3,1,12,"4/30/18","bud",17.7,0.1998,0.3684,0.4062,NA,NA,"",17.7,0.768,0.4062,1.1742,7,"23-Jul","11/2/18",2,"F",5,7.8,"8.4","yes",2,"n","whole","yes","whole leaf",""
"198",247,4,14,"B","High","Salt","HighSalt",32,3,186,"D",6,"HA 412 HO","annuus","cultivated","HA",1,4,7,"4/30/18","bud",24,0.3578,2.7132,1.4277,0.2456,NA,"",24,3.4288,1.4277,4.8565,9,"11/2/18","12/3/18",2,"F",8,7.8,"5.7","yes",2,"n","half","no","",""
"199",248,4,15,"B","High","NoSalt","Control",33,3,187,"D",7,"HA 412 HO","annuus","cultivated","HA",1,4,8,"4/30/18","",18.1,1.1258,7.8825,4.6364,0.8451,NA,"",18.1,10.1341,4.6364,14.7705,8,"24-Jul","30-Nov",3,"E",12,7.8,"8.6","no",2,"n","half","no","",""
"205",255,4,4,"C","Low","Salt","Combo",40,3,196,"E",4,"HA 445","annuus","cultivated","HA",2,2,12,"4/30/18","bud",16.1,0.0851,0.369,NA,NA,NA,"",16.1,0.5392,NA,NA,12,"1/28/19","1/28/19",3,"F",4,8,"8.5","yes",2,"n","whole","yes","whole leaf",""
"211",262,4,11,"C","Low","Salt","Combo",47,3,206,"F",2,"RHA 274","annuus","cultivated","RHA",3,1,13,"4/30/18","",13.2,0.019,0.0708,0.034,NA,NA,"",13.2,0.1088,0.034,0.1428,8,"24-Jul","30-Nov",2,"F",11,7.9,"8.4","no",1,"n","whole","yes","whole leaf",""
"213",265,4,14,"C","Low","NoSalt","LowNut",50,3,210,"F",6,"HA 412 HO","annuus","cultivated","HA",1,4,9,"4/30/18","",14.1,0.3426,3.3876,0.9921,0.2418,NA,"",14.1,4.0728,0.9921,5.0649,13,"2/28/19","3/4/19",3,"F",8,7.3,"7.1","no",1,"n","half","no","",""
"215",267,4,16,"C","Low","NoSalt","LowNut",52,3,216,"F",12,"RHA 373","annuus","cultivated","RHA",2,1,17,"4/30/18","",17.2,0.3498,1.4338,0.6544,0.2853,NA,"",17.2,2.1334,0.6544,2.7878,8,"24-Jul","11/6/18",2,"F",12,7.7,"8.5","no",1,"n","half","no","",""
"217",270,4,1,"D","High","NoSalt","Control",55,6,411,"E",3,"RHA 274","annuus","cultivated","RHA",3,6,18,"5/1/18","bud",17.9,0.6357,3.6906,1.4922,0.3428,NA,"",17.9,4.962,1.4922,6.4542,4,"19-Jul","10/19/18",1,"G",4,7.6,"8.4","yes",1,"n","half","no","",""
"219",273,4,4,"D","Low","Salt","Combo",58,6,414,"E",6,"HA 412 HO","annuus","cultivated","HA",1,5,28,"5/1/18","",19.7,0.1873,1.4399,0.3577,0.1015,NA,"",19.7,1.8145,0.3577,2.1722,10,"11/9/18","12/3/18",2,"G",1,8.1,"7.4","no",2,"n","half","no","","tube opened in liquid nitrogen"
"221",276,4,7,"D","Low","NoSalt","LowNut",61,6,421,"F",1,"RHA 274","annuus","cultivated","RHA",3,6,19,"5/1/18","1 bud",14.7,0.2409,1.4117,0.4409,0.1451,NA,"",14.7,1.8935,0.4409,2.3344,11,"30-Nov","1/31/19",3,"F",12,7.9,"ok","yes",1,"n","half","no","",""
"223",278,4,9,"D","Low","Salt","Combo",63,6,425,"F",5,"HA 89","annuus","cultivated","HA",3,6,25,"5/1/18","bud",18.8,0.1114,0.5618,0.1248,0.042,NA,"",18.8,0.7846,0.1248,0.9094,13,"2/26/19","2/28/19",3,"G",1,8.1,"8.1","yes",1,"n","half","no","",""
"227",283,4,14,"D","Low","Salt","Combo",68,6,430,"F",10,"RHA 373","annuus","cultivated","RHA",2,4,24,"5/1/18","",18.9,0.1367,0.5156,0.1596,NA,NA,"",18.9,0.789,0.1596,0.9486,2,"17-Jul","10/30/18",1,"G",7,7.7,"8.1","no",2,"n","half","no","",""
"228",284,4,15,"D","Low","Salt","Combo",69,6,431,"F",11,"HA 412 HO","annuus","cultivated","HA",1,6,26,"5/1/18","1 bud",23.3,0.1832,1.8873,0.6077,NA,NA,"",23.3,2.2537,0.6077,2.8614,7,"23-Jul","11/6/18",2,"G",3,7.7,"8.3","yes",2,"n","half","no","",""
"238",295,5,11,"A","High","Salt","HighSalt",11,2,89,"B",5,"HA 412 HO","annuus","cultivated","HA",1,3,3,"4/30/18","",18.4,0.1813,0.7265,0.2368,NA,NA,"",18.4,1.0891,0.2368,1.3259,2,"17-Jul","10/19/18",1,"G",11,7.3,"8.4","yes",1,"n","whole","yes","whole leaf",""
"241",298,5,14,"A","Low","Salt","Combo",14,2,97,"C",1,"RHA 377","annuus","cultivated","RHA",1,4,9,"4/30/18","",20.2,0.1566,0.9148,0.2982,0.1025,NA,"",20.2,1.228,0.2982,1.5262,5,"20-Jul","11/2/18",2,"G",7,7.8,"8.4","yes",1,"n","half","no","",""
"243",300,5,16,"A","Low","Salt","Combo",16,2,99,"C",3,"HA 412 HO","annuus","cultivated","HA",1,4,5,"4/30/18","",18.3,0.3235,2.1883,0.803,0.1633,NA,"",18.3,2.8353,0.803,3.6383,4,"19-Jul","10/23/18",1,"H",3,7.6,"8.4","no",1,"n","half","no","",""
"244",301,5,17,"A","High","Salt","HighSalt",17,2,100,"C",4,"RHA 377","annuus","cultivated","RHA",1,3,10,"4/30/18","1 bud",21,0.1093,0.414,0.1413,0.0667,NA,"",21,0.6326,0.1413,0.7739,2,"17-Jul","10/23/18",1,"H",4,7.9,"8.4","yes",1,"n","half","no","",""
"246",304,5,2,"B","High","Salt","HighSalt",20,2,103,"C",7,"RHA 373","annuus","cultivated","RHA",2,5,8,"4/30/18","",23.2,0.1915,0.5245,0.1527,0.0891,NA,"",23.2,0.9075,0.1527,1.0602,3,"18-Jul","10/23/18",1,"H",5,7.7,"8.4","no",1,"n","half","no","",""
"247",307,5,5,"B","Low","Salt","Combo",23,2,108,"C",12,"RHA 373","annuus","cultivated","RHA",2,5,10,"4/30/18","",22.9,0.1538,0.8081,0.2706,0.098,NA,"",22.9,1.1157,0.2706,1.3863,11,"1/9/19","2/11/19",3,"G",6,7.9,"8.6","no",1,"n","half","no","",""
"248",308,5,6,"B","Low","Salt","Combo",24,2,110,"D",2,"HA 445","annuus","cultivated","HA",2,5,6,"4/30/18","",18.6,0.1297,0.7358,0.3401,0.1373,NA,"",18.6,0.9952,0.3401,1.3353,8,"24-Jul","11/16/18",2,"G",9,6.7,"8.5","no",1,"n","half","no","",""
"249",309,5,7,"B","Low","NoSalt","LowNut",25,2,113,"D",5,"RHA 373","annuus","cultivated","RHA",2,1,11,"4/30/18","",17.1,0.3227,0.8625,0.3893,0.1628,NA,"",17.1,1.5079,0.3893,1.8972,4,"19-Jul","10/30/18",1,"H",6,7.5,"8.1","no",1,"n","half","no","",""
"251",311,5,9,"B","Low","Salt","Combo",27,2,115,"D",7,"HA 89","annuus","cultivated","HA",3,2,7,"4/30/18","",23,0.1928,1.2485,0.3602,0.1426,NA,"",23,1.6341,0.3602,1.9943,4,"19-Jul","10/23/18",1,"H",7,7.3,"7.9","no",1,"n","half","no","",""
"253",313,5,11,"B","Low","Salt","Combo",29,2,121,"E",1,"RHA 373","annuus","cultivated","RHA",2,1,12,"4/30/18","",22.4,0.1469,0.4821,0.2639,NA,NA,"",22.4,0.7759,0.2639,1.0398,10,"11/9/18","11/27/18",2,"G",11,7.6,"8.4","no",1,"n","whole","yes","whole leaf",""
"255",316,5,14,"B","Low","NoSalt","LowNut",32,2,128,"E",8,"RHA 274","annuus","cultivated","RHA",3,2,8,"4/30/18","1 bud",12.6,0.2309,1.4386,0.8196,0.1736,NA,"",12.6,1.9004,0.8196,2.72,8,"24-Jul","11/16/18",2,"G",12,7.5,"8.4","yes",1,"n","half","no","",""
"257",318,5,16,"B","Low","NoSalt","LowNut",34,2,130,"E",10,"RHA 373","annuus","cultivated","RHA",2,1,13,"4/30/18","",15.7,0.326,1.9095,0.9938,0.1788,NA,"",15.7,2.5615,0.9938,3.5553,9,"10/29/18","11/30/18",3,"G",8,7.9,"8.3","no",1,"n","half","no","",""
"259",322,5,2,"C","High","NoSalt","Control",38,2,137,"F",5,"RHA 373","annuus","cultivated","RHA",2,1,14,"4/30/18","",24,0.4547,1.4301,0.7451,0.275,NA,"",24,2.3395,0.7451,3.0846,8,"24-Jul","11/6/18",2,"H",2,7.6,"8.3","no",1,"n","half","no","",""
"264",327,5,7,"C","High","NoSalt","Control",43,5,290,"A",2,"HA 412 HO","annuus","cultivated","HA",1,2,14,"5/1/18","",21.5,1.0549,11.0079,3.242,0.6538,NA,"",21.5,13.1177,3.242,16.3597,4,"19-Jul","10/30/18",2,"H",6,7.3,"8.2","no",1,"n","half","no","",""
"269",332,5,12,"C","High","NoSalt","Control",48,5,299,"A",11,"HA 89","annuus","cultivated","HA",3,1,18,"5/1/18","",19.5,0.8033,6.5943,2.0676,0.5027,NA,"",19.5,8.2009,2.0676,10.2685,8,"24-Jul","11/19/18",2,"H",7,7.7,"8.3","yes",1,"n","half","no","",""
"273",337,5,17,"C","Low","NoSalt","LowNut",53,5,308,"B",8,"HA 412 HO","annuus","cultivated","HA",1,2,16,"5/1/18","",12.7,0.2849,3.9615,1.7828,0.2417,NA,"",12.7,4.5313,1.7828,6.3141,11,"30-Nov","2/21/19",3,"H",2,7,"8.4","no",1,"n","half","no","",""
"275",339,5,1,"D","High","Salt","HighSalt",55,5,310,"B",10,"RHA 377","annuus","cultivated","RHA",1,5,23,"5/1/18","1 bud",22.4,0.1195,0.6382,0.3033,0.0897,NA,"",22.4,0.8772,0.3033,1.1805,9,"10/29/18","11/19/18",2,"H",9,7.6,"8.2","yes",1,"n","half","no","",""
"276",340,5,2,"D","Low","NoSalt","LowNut",56,5,312,"B",12,"RHA 377","annuus","cultivated","RHA",1,5,24,"5/1/18","1 bud",19.6,0.2929,1.3076,0.3878,0.1711,NA,"",19.6,1.8934,0.3878,2.2812,9,"11/2/18","12/3/18",2,"H",10,7.3,"8.2","yes",1,"n","half","no","",""
"283",350,5,12,"D","High","Salt","HighSalt",66,5,325,"D",1,"HA 89","annuus","cultivated","HA",3,1,20,"5/1/18","",23.5,0.2817,1.5115,0.4851,0.1722,NA,"",23.5,2.0749,0.4851,2.56,9,"10/29/18","11/19/18",2,"H",12,7.7,"8.4","no",1,"n","half","no","",""
